period,country,partner_import_value,quantity_kg,log_import_value,log_quantity_kg,anomaly_flag,anomaly_score
2021,South Africa,3.113,0,1.414152689248287,0.0,-1,-0.3052646424946449
2023,United Arab Emirates,208248461.272,0,19.154242454935943,0.0,-1,-0.21026747247022115
2018,Germany,2539.46,0,7.8401004459777335,0.0,-1,-0.1369068508631356
2019,Japan,7036.512,0,8.859009977597468,0.0,-1,-0.0312944341201723
2015,China,730143.0,0,13.500997053945296,0.0,-1,-0.00818784817494389
2019,Belgium,545613.465,0,13.209667897256724,0.0,-1,-0.0004890694841961363
