Scenario,Mean_ITRI,ITRI_Reduction,Critical_Mines,Critical_Mines_Reduction
Baseline,0.45988404553411194,0.0,1084,0
Accessible Mine Expansion,0.3957976928576006,0.06408635267651136,691,393
Critical Kivu Targeting,0.4233656893677529,0.03651835616635907,354,730
High + Critical Risk Targeting,0.35711468553180453,0.10276936000230741,0,1084
Universal Coverage,0.2821686045442642,0.17771544098984776,0,1084
